{
    "metrics": {
        "data_received": {
            "count": 9699888,
            "rate": 321143.1845144184
        },
        "data_sent": {
            "count": 20897,
            "rate": 691.8563520318793
        },
        "http_req_blocked": {
            "avg": 0.3646750781250003,
            "max": 69.011266,
            "med": 0.004158,
            "min": 0.002611,
            "p(90)": 0.0065207,
            "p(95)": 0.009184349999999996
        },
        "http_req_connecting": {
            "avg": 0.06505841145833334,
            "max": 12.491215,
            "med": 0,
            "min": 0,
            "p(90)": 0,
            "p(95)": 0
        },
        "http_req_duration": {
            "avg": 156.54807664583333,
            "max": 375.558783,
            "med": 151.533985,
            "min": 138.61157,
            "p(90)": 168.62857440000002,
            "p(95)": 176.6744661
        },
        "http_req_receiving": {
            "avg": 38.67683763541664,
            "max": 51.354315,
            "med": 38.30694200000001,
            "min": 13.703296,
            "p(90)": 42.0894891,
            "p(95)": 43.13613735
        },
        "http_req_sending": {
            "avg": 0.025443557291666682,
            "max": 0.078797,
            "med": 0.023305,
            "min": 0.014249,
            "p(90)": 0.0348216,
            "p(95)": 0.04039549999999994
        },
        "http_req_tls_handshaking": {
            "avg": 0.29147320312499997,
            "max": 55.962855,
            "med": 0,
            "min": 0,
            "p(90)": 0,
            "p(95)": 0
        },
        "http_req_waiting": {
            "avg": 117.84579545312499,
            "max": 337.828349,
            "med": 113.09193450000001,
            "min": 100.774012,
            "p(90)": 127.6399622,
            "p(95)": 137.58940985
        },
        "http_reqs": {
            "count": 192,
            "rate": 6.356721997900217
        },
        "iteration_duration": {
            "avg": 157.06937573958336,
            "max": 375.707418,
            "med": 151.6815525,
            "min": 138.802462,
            "p(90)": 168.79121600000002,
            "p(95)": 180.00286374999993
        },
        "iterations": {
            "count": 192,
            "rate": 6.356721997900217
        },
        "vus": {
            "max": 1,
            "min": 1,
            "value": 1
        },
        "vus_max": {
            "max": 1,
            "min": 1,
            "value": 1
        }
    },
    "root_group": {
        "name": "",
        "path": "",
        "id": "d41d8cd98f00b204e9800998ecf8427e",
        "groups": {},
        "checks": {}
    }
}
