{
    "metrics": {
        "data_received": {
            "count": 70135700,
            "rate": 2320888.797130367
        },
        "data_sent": {
            "count": 152046,
            "rate": 5031.415642083613
        },
        "http_req_blocked": {
            "avg": 0.8819176210374635,
            "max": 123.195893,
            "med": 0.004133,
            "min": 0.001429,
            "p(90)": 0.0060041999999999995,
            "p(95)": 0.007209199999999996
        },
        "http_req_connecting": {
            "avg": 0.13946219740634005,
            "max": 24.834952,
            "med": 0,
            "min": 0,
            "p(90)": 0,
            "p(95)": 0
        },
        "http_req_duration": {
            "avg": 215.78163251440893,
            "max": 524.335191,
            "med": 209.634176,
            "min": 152.699605,
            "p(90)": 254.6335697,
            "p(95)": 273.4978012999999
        },
        "http_req_receiving": {
            "avg": 56.297070116714714,
            "max": 321.460155,
            "med": 52.816030999999995,
            "min": 0.170561,
            "p(90)": 70.1711361,
            "p(95)": 78.90609559999994
        },
        "http_req_sending": {
            "avg": 0.02350781412103739,
            "max": 0.26543,
            "med": 0.0223075,
            "min": 0.006883,
            "p(90)": 0.031311399999999996,
            "p(95)": 0.03572419999999997
        },
        "http_req_tls_handshaking": {
            "avg": 0.7349965353025936,
            "max": 104.451152,
            "med": 0,
            "min": 0,
            "p(90)": 0,
            "p(95)": 0
        },
        "http_req_waiting": {
            "avg": 159.46105458357363,
            "max": 457.125139,
            "med": 154.46733899999998,
            "min": 107.797757,
            "p(90)": 192.7089645,
            "p(95)": 207.68711449999998
        },
        "http_reqs": {
            "count": 1388,
            "rate": 45.93086902129656
        },
        "iteration_duration": {
            "avg": 216.82251415561961,
            "max": 524.486715,
            "med": 210.0477935,
            "min": 152.837541,
            "p(90)": 256.2005572,
            "p(95)": 277.65590195
        },
        "iterations": {
            "count": 1388,
            "rate": 45.93086902129656
        },
        "vus": {
            "max": 10,
            "min": 10,
            "value": 10
        },
        "vus_max": {
            "max": 10,
            "min": 10,
            "value": 10
        }
    },
    "root_group": {
        "name": "",
        "path": "",
        "id": "d41d8cd98f00b204e9800998ecf8427e",
        "groups": {},
        "checks": {}
    }
}
