{
    "metrics": {
        "data_received": {
            "count": 75065932,
            "rate": 2370159.596558652
        },
        "data_sent": {
            "count": 198072,
            "rate": 6253.99883944111
        },
        "http_req_blocked": {
            "avg": 29.57779092615183,
            "max": 1808.277534,
            "med": 0.004115,
            "min": 0.001546,
            "p(90)": 0.007617499999999999,
            "p(95)": 232.88951250000002
        },
        "http_req_connecting": {
            "avg": 9.284410445799455,
            "max": 1043.24474,
            "med": 0,
            "min": 0,
            "p(90)": 0,
            "p(95)": 73.47446025
        },
        "http_req_duration": {
            "avg": 2066.7056055941684,
            "max": 3166.519865,
            "med": 2103.6477695000003,
            "min": 269.022197,
            "p(90)": 2305.7105235,
            "p(95)": 2426.23439825
        },
        "http_req_receiving": {
            "avg": 277.1860542723574,
            "max": 785.682553,
            "med": 291.3196445,
            "min": 47.06949,
            "p(90)": 386.0619855,
            "p(95)": 412.0739305
        },
        "http_req_sending": {
            "avg": 1.1381676510840086,
            "max": 344.883108,
            "med": 0.022849500000000002,
            "min": 0.007602,
            "p(90)": 0.0359425,
            "p(95)": 0.05850225
        },
        "http_req_tls_handshaking": {
            "avg": 19.07771845799458,
            "max": 786.178896,
            "med": 0,
            "min": 0,
            "p(90)": 0,
            "p(95)": 149.88708475
        },
        "http_req_waiting": {
            "avg": 1788.3813836707309,
            "max": 2511.393695,
            "med": 1792.5645195,
            "min": 194.320096,
            "p(90)": 2077.5972085000003,
            "p(95)": 2145.7784902500002
        },
        "http_reqs": {
            "count": 1476,
            "rate": 46.60377179518094
        },
        "iteration_duration": {
            "avg": 2096.0792012364514,
            "max": 4108.427821,
            "med": 2110.63979,
            "min": 497.147993,
            "p(90)": 2329.0034405,
            "p(95)": 2564.28961275
        },
        "iterations": {
            "count": 1476,
            "rate": 46.60377179518094
        },
        "vus": {
            "max": 100,
            "min": 53,
            "value": 53
        },
        "vus_max": {
            "max": 100,
            "min": 100,
            "value": 100
        }
    },
    "root_group": {
        "name": "",
        "path": "",
        "id": "d41d8cd98f00b204e9800998ecf8427e",
        "groups": {},
        "checks": {}
    }
}
